[
    {
      "id": "2782070",
      "title": "East Village: Lens on the Lower East Side",
      "description": "&lt;p&gt;&lt;a href=&quot;http://leshistorymonth.org/project/greenwich-village-society-of-historic-preservation/&quot;&gt;Greenwich Village Society of Historic Preservation&lt;/a&gt; is proud to present this discussion and book...",
      "ticket": "http://fabnyc.org/?post_type=event&amp;p=3807#em-booking",
      "category": "Official FAB Events",
      "date": "2016-03-25 00:00:00",
      "duration": "144.00",
      "venue": "Fourth Arts Block",
      "address": "61 East 4th Street",
      "city": "New York",
      "zip": "10003",
      "country": "",
      "lat": null,
      "lng": null,
      "distance": 0,
      "images": [
        {
          "url": "",
          "name": ""
        }
      ],
      "videos": [],
      "performers": [
        ""
      ]
    },
    {
      "id": "2780201",
      "title": "Land Use Workshop: Panel Discussion on Preservation &amp; Local Issues",
      "description": "&lt;p&gt;Continuing Part III of our Land Use Workshop series on preservation, we welcome a panel discussion with LES preservation advocates David Mulkins (Bowery Alliance of Neighbors), Sally Young (Art Lo...",
      "ticket": null,
      "category": "Community Event",
      "date": "2016-04-05 19:00:00",
      "duration": "2.00",
      "venue": "Museum of Chinese in America",
      "address": "215 Centre St.",
      "city": "New York",
      "zip": "",
      "country": "",
      "lat": null,
      "lng": null,
      "distance": 0,
      "images": [
        {
          "url": "",
          "name": ""
        }
      ],
      "videos": [],
      "performers": [
        ""
      ]
    },
    {
      "id": "2661274",
      "title": "David Gilmour at Madison Square Garden",
      "description": "",
      "ticket": null,
      "category": "Music",
      "date": "2016-04-11 12:39:00",
      "duration": "2.00",
      "venue": "Madison Square Garden",
      "address": "4 Pennsylvania Plaza",
      "city": "New York",
      "zip": "10001",
      "country": "",
      "lat": null,
      "lng": null,
      "distance": 0,
      "images": [
        {
          "url": "https://storage.googleapis.com/cdn.hypecal.com/2655407_0_300x200.png",
          "name": ""
        }
      ],
      "videos": [],
      "performers": [
        ""
      ]
    },
    {
      "id": "2754753",
      "title": "LESStories @ Anthology Film Archives",
      "description": "&lt;p&gt;This organization will be participating in LES Stories, May 1-2!&lt;/p&gt;&lt;p&gt;LES Stories is a community chalking event in which you can find fun historical facts and nuggets of information on the sidewa...",
      "ticket": null,
      "category": "Dance Block Salon",
      "date": "2016-05-01 00:00:00",
      "duration": "24.00",
      "venue": "Anthology Film Archives",
      "address": "32 2nd Ave",
      "city": "New York",
      "zip": "10003",
      "country": "",
      "lat": null,
      "lng": null,
      "distance": 0,
      "images": [
        {
          "url": "https://storage.googleapis.com/cdn.hypecal.com/2754753_0_300x200.png",
          "name": ""
        },
        {
          "url": "https://storage.googleapis.com/cdn.hypecal.com/2754753_1_300x200.png",
          "name": ""
        }
      ],
      "videos": [],
      "performers": [
        ""
      ]
    },
    {
      "id": "2754743",
      "title": "NY Marble Cemetery - Owners Meeting &amp; Neighborhood Reception",
      "description": "&lt;p&gt;This small burial ground in Manhattan&apos;s East Village is sometimes called the Second Avenue Cemetery.  It is the oldest public non-sectarian cemetery in New York City.  Most of the 2,080 interments...",
      "ticket": null,
      "category": "FAB Event",
      "date": "2016-05-01 13:30:00",
      "duration": "2.00",
      "venue": "The Marble Cemetery",
      "address": "41 1/2 2nd Ave",
      "city": "New York",
      "zip": "10003",
      "country": "",
      "lat": null,
      "lng": null,
      "distance": 0,
      "images": [
        {
          "url": "https://storage.googleapis.com/cdn.hypecal.com/2754743_0_300x200.png",
          "name": ""
        },
        {
          "url": "https://storage.googleapis.com/cdn.hypecal.com/2754743_1_300x200.png",
          "name": ""
        },
        {
          "url": "https://storage.googleapis.com/cdn.hypecal.com/2754743_11_300x200.png",
          "name": ""
        },
        {
          "url": "https://storage.googleapis.com/cdn.hypecal.com/2754743_12_300x200.png",
          "name": ""
        },
        {
          "url": "https://storage.googleapis.com/cdn.hypecal.com/2754743_13_300x200.png",
          "name": ""
        },
        {
          "url": "https://storage.googleapis.com/cdn.hypecal.com/2754743_17_300x200.png",
          "name": ""
        },
        {
          "url": "https://storage.googleapis.com/cdn.hypecal.com/2754743_18_300x200.png",
          "name": ""
        },
        {
          "url": "http://cdn.hypecal.co",
          "name": ""
        }
      ],
      "videos": [],
      "performers": [
        ""
      ]
    },
    {
      "id": "2755591",
      "title": "DelanceyLudlowRivingtonNorfolk",
      "description": "&lt;p&gt;Featuring new work by Denise Treizman&lt;br /&gt;\nCurated by Kelly Schroer&lt;/p&gt;&lt;p&gt;Constantly collecting materials from the named blocks throughout the duration of the exhibition, Denise Treziman will cre...",
      "ticket": null,
      "category": "Exhibition",
      "date": "2016-05-06 12:00:00",
      "duration": "726.00",
      "venue": "Cuchifritos Gallery   Project Space",
      "address": "120 Essex Street",
      "city": "New York",
      "zip": "10002",
      "country": "",
      "lat": null,
      "lng": null,
      "distance": 0,
      "images": [
        {
          "url": "https://storage.googleapis.com/cdn.hypecal.com/2755591_0_300x200.png",
          "name": ""
        }
      ],
      "videos": [],
      "performers": [
        ""
      ]
    },
    {
      "id": "2780689",
      "title": "Great Ladies of the Lower East Side: Heroines, Balabustas, and Yiddisha Mammas! A Special Mother&apos;s Day Walking Tour",
      "description": "&lt;p&gt;NEW TOUR! We begin this special Mother&apos;s Day walking tour with a drink at the historic dining room in The Henry Street Settlement, where Lillian D. Wald hosted distinguished guests ranging from Pr...",
      "ticket": null,
      "category": "Tours",
      "date": "2016-05-08 11:00:00",
      "duration": "3.50",
      "venue": "Henry Street Settlement",
      "address": "265 Henry Street",
      "city": "New York",
      "zip": "10002",
      "country": "",
      "lat": null,
      "lng": null,
      "distance": 0,
      "images": [
        {
          "url": "",
          "name": ""
        }
      ],
      "videos": [],
      "performers": [
        ""
      ]
    },
    {
      "id": "2782105",
      "title": "MoRUS LES Garden Tour",
      "description": "&lt;p&gt;MoRUS would like to do a tour of the LES gardens. As a museum that specializes in the history of LES community activism and grassroots movements, we are heavily tied to the gardens within the East...",
      "ticket": null,
      "category": "Tours",
      "date": "2016-05-09 13:00:00",
      "duration": "1.00",
      "venue": "La Plaza Cultural of Armando Perez Community Garden",
      "address": "9th St &amp; Avenue C",
      "city": "New York",
      "zip": "10003",
      "country": "",
      "lat": null,
      "lng": null,
      "distance": 0,
      "images": [
        {
          "url": "",
          "name": ""
        }
      ],
      "videos": [],
      "performers": [
        ""
      ]
    },
    {
      "id": "2749877",
      "title": "Mom-and-Pop Storefronts and the Art of Vernacular Design: NYC’s Lower East Side and Chinatown",
      "description": "&lt;p&gt;Small mom-and-pop businesses are the very soul of the Lower East Side and Chinatown.  In the jostle of NYC&apos;s commercial “battlefield”, these establishments often compete with louder, brasher, ...",
      "ticket": null,
      "category": "Dance Block Salon",
      "date": "2016-05-18 18:30:00",
      "duration": "2.00",
      "venue": "Neighborhood Preservation Center",
      "address": "232 E 11th Street",
      "city": "New York",
      "zip": "10003",
      "country": "",
      "lat": null,
      "lng": null,
      "distance": 0,
      "images": [
        {
          "url": "https://storage.googleapis.com/cdn.hypecal.com/2749877_0_300x200.png",
          "name": ""
        },
        {
          "url": "https://storage.googleapis.com/cdn.hypecal.com/2749877_10_300x200.png",
          "name": ""
        },
        {
          "url": "https://storage.googleapis.com/cdn.hypecal.com/2749877_13_300x200.png",
          "name": ""
        },
        {
          "url": "https://storage.googleapis.com/cdn.hypecal.com/2749877_17_300x200.png",
          "name": ""
        },
        {
          "url": "https://storage.googleapis.com/cdn.hypecal.com/2749877_18_300x200.png",
          "name": ""
        },
        {
          "url": "https://storage.googleapis.com/cdn.hypecal.com/2749877_2_300x200.png",
          "name": ""
        },
        {
          "url": "https://storage.googleapis.com/cdn.hypecal.com/2749877_19_300x200.png",
          "name": ""
        },
        {
          "url": "http://cdn.hypecal.co",
          "name": ""
        }
      ],
      "videos": [],
      "performers": [
        ""
      ]
    },
    {
      "id": "2780690",
      "title": "Tenement Chic: Ornamentation and Architectural Walking Tour of the Lower East Side",
      "description": "&lt;p&gt;Garish gargoyles, Greek &amp; Roman mythical beasts, beautiful botanicals in terra cotta...Why do these architectural sculptures adorn otherwise drab 19th century tenements? Who were the anonymous...",
      "ticket": null,
      "category": "Tours",
      "date": "2016-05-22 10:45:00",
      "duration": "2.75",
      "venue": "Straus Square",
      "address": "E. Broadway",
      "city": "New York",
      "zip": "10002",
      "country": "",
      "lat": null,
      "lng": null,
      "distance": 0,
      "images": [
        {
          "url": "",
          "name": ""
        }
      ],
      "videos": [],
      "performers": [
        ""
      ]
    },
    {
      "id": "2780427",
      "title": "Greek Jewish Festival",
      "description": "&lt;p&gt;Join the Greek Jewish Festival as we celebrate the unique Romaniote and Sephardic heritage of Kehila Kedosha Janina. Experience authentic kosher Greek foods and homemade Greek pastries, traditiona...",
      "url": "https://www.hypecal.com/e/new-york/community-event/kehila-kedosha-janina/greek-jewish-festival/2780427/",
      "ticket": null,
      "category": "Community Event",
      "date": "2016-05-22 12:00:00",
      "duration": "6.00",
      "venue": "Kehila Kedosha Janina",
      "address": "280 Broome St.",
      "city": "New York",
      "zip": "",
      "country": "",
      "lat": null,
      "lng": null,
      "distance": 0,
      "images": [
        {
          "url": "",
          "name": ""
        }
      ],
      "videos": [],
      "performers": [
        ""
      ]
    },
    {
      "id": "2519620",
      "title": "The Lower East Side Festival of the Arts",
      "description": "&lt;p&gt;Theater for the New cCty is having its annual Lower East Side Festival of the Arts. Memorial weekend May 27th, May 28, and May 29th. The Lower East Side Festival of the Arts is a three day festiva...",
      "url": "https://www.hypecal.com/e/new-york/street-festival/theater-for-the-new-city/the-lower-east-side-festival-of-the-arts/2519620/",
      "ticket": null,
      "category": "Street Festival",
      "date": "2016-05-27 18:00:00",
      "duration": "31.00",
      "venue": "Theater for the New City",
      "address": "155 1st Avenue",
      "city": "New York",
      "zip": "10003",
      "country": "",
      "lat": null,
      "lng": null,
      "distance": 0,
      "images": [
        {
          "url": "",
          "name": ""
        }
      ],
      "videos": [],
      "performers": [
        ""
      ]
    },
    {
      "id": "2316747",
      "title": "NY Marble Cemetery Open Gate Day",
      "description": "&lt;p&gt;This small burial ground in Manhattan&apos;s East Village is sometimes called the Second Avenue Cemetery.  It is the oldest public non-sectarian cemetery in New York City.  Most of the 2,080 interments...",
      "ticket": null,
      "category": "BOS 2015 Deadlines",
      "date": "2016-05-29 12:00:00",
      "duration": "4.00",
      "venue": "The Marble Cemetery",
      "address": "41 1/2 2nd Ave",
      "city": "New York",
      "zip": "10003",
      "country": "",
      "lat": null,
      "lng": null,
      "distance": 0,
      "images": [
        {
          "url": "https://storage.googleapis.com/cdn.hypecal.com/2316747_0_300x200.png",
          "name": ""
        }
      ],
      "videos": [],
      "performers": [
        ""
      ]
    },
    {
      "id": "2525494",
      "title": "PopGun Presents: Miami Horror (DJ Set)",
      "description": "",
      "ticket": null,
      "category": "Music",
      "date": "2016-06-23 23:30:00",
      "duration": "2.00",
      "venue": "Baby&apos;s All Right",
      "address": "146 Broadway",
      "city": "New York",
      "zip": "11211",
      "country": "",
      "lat": null,
      "lng": null,
      "distance": 0,
      "images": [
        {
          "url": "https://storage.googleapis.com/cdn.hypecal.com/2525494_1_300x200.png",
          "name": ""
        },
        {
          "url": "https://storage.googleapis.com/cdn.hypecal.com/2525494_0_300x200.png",
          "name": ""
        }
      ],
      "videos": [],
      "performers": [
        "656345",
        "656344"
      ]
    },
    {
      "id": "2649693",
      "title": "NYC Burner Happy Hour",
      "description": "&lt;p&gt;Stop by and water your hole, make friends and talk about TTITD. All are welcome, no matter what you&apos;re drinking.&lt;/p&gt;",
      "ticket": null,
      "category": "Happy Hour",
      "date": "2016-07-27 18:30:00",
      "duration": "4.50",
      "venue": "The Johnsons",
      "address": "369 Troutman Street",
      "city": "Brooklyn",
      "zip": "11237",
      "country": "",
      "lat": null,
      "lng": null,
      "distance": 0,
      "images": [
        {
          "url": "",
          "name": ""
        }
      ],
      "videos": [],
      "performers": [
        ""
      ]
    },
    {
      "id": "2176812",
      "title": "[FULL-Movie] Watch Fifty Shades Of Grey Online Free Megavideo",
      "description": "Fifty Shades Of grey Online 0:00:00 02:01:14 HD Fifty Shades Of grey Full\n$$$&gt;Video&lt;$$ CLICK HERE TO WATCH &gt;&gt;&gt; http://zzb.bz/GxO6k\nCLICK HERE TO WATCH &gt;&gt;&gt; http://zzb.bz/GxO6k\nCLICK HERE TO WATCH &gt;&gt;&gt; ...",
      "ticket": null,
      "category": "Music",
      "date": "2016-08-11 16:30:00",
      "duration": "2.00",
      "venue": "Webster Hall",
      "address": "125 East 11th Street",
      "city": "New York",
      "zip": "10003",
      "country": "",
      "lat": null,
      "lng": null,
      "distance": 0,
      "images": [
        {
          "url": "",
          "name": ""
        }
      ],
      "videos": [],
      "performers": [
        ""
      ]
    }
  ]
